{
  "version": "2019.2",
  "applications": [],
  "platforms": [],
  "systems": [
    {
      "name": "ProcessingSystem_system",
      "platform": "G:/Dropbox/Git/Zybo/Source/ProcessingSystem/software/Wrapper/export/Wrapper/Wrapper.xpfm",
      "sysConfig": "Wrapper",
      "applications": [
        {
          "name": "ProcessingSystem",
          "platform": "G:/Dropbox/Git/Zybo/Source/ProcessingSystem/software/Wrapper/export/Wrapper/Wrapper.xpfm",
          "platformPath": "G:\\Dropbox\\Git\\Zybo\\Source\\ProcessingSystem\\software\\Wrapper\\export\\Wrapper",
          "sysConfig": "Wrapper",
          "domain": "standalone_domain",
          "system": "ProcessingSystem_system"
        }
      ],
      "platformPath": "G:\\Dropbox\\Git\\Zybo\\Source\\ProcessingSystem\\software\\Wrapper\\export\\Wrapper"
    }
  ],
  "others": []
}