{
  "version": "2019.2",
  "applications": [],
  "platforms": [],
  "systems": [
    {
      "name": "DigitalFilter_system",
      "platform": "C:/Users/Daniel.Kampert/Desktop/Git/ZYBO/projects/DigitalAudio/DigitalFilter/software/System_wrapper/export/System_wrapper/System_wrapper.xpfm",
      "sysConfig": "System_wrapper",
      "applications": [
        {
          "name": "DigitalFilter",
          "platform": "C:/Users/Daniel.Kampert/Desktop/Git/ZYBO/projects/DigitalAudio/DigitalFilter/software/System_wrapper/export/System_wrapper/System_wrapper.xpfm",
          "platformPath": "C:\\Users\\Daniel.Kampert\\Desktop\\Git\\ZYBO\\projects\\DigitalAudio\\DigitalFilter\\software\\System_wrapper\\export\\System_wrapper",
          "sysConfig": "System_wrapper",
          "domain": "standalone_domain",
          "system": "DigitalFilter_system"
        }
      ],
      "platformPath": "C:\\Users\\Daniel.Kampert\\Desktop\\Git\\ZYBO\\projects\\DigitalAudio\\DigitalFilter\\software\\System_wrapper\\export\\System_wrapper"
    }
  ],
  "others": []
}