{
  "version": "2019.2",
  "applications": [],
  "platforms": [],
  "systems": [
    {
      "name": "XADC_system",
      "platform": "C:/Users/Daniel.Kampert/Desktop/Git/Zybo/Source/XADC/software/Wrapper/export/Wrapper/Wrapper.xpfm",
      "sysConfig": "Wrapper",
      "applications": [
        {
          "name": "XADC",
          "platform": "C:/Users/Daniel.Kampert/Desktop/Git/Zybo/Source/XADC/software/Wrapper/export/Wrapper/Wrapper.xpfm",
          "platformPath": "C:\\Users\\Daniel.Kampert\\Desktop\\Git\\Zybo\\Source\\XADC\\software\\Wrapper\\export\\Wrapper",
          "sysConfig": "Wrapper",
          "domain": "standalone_domain",
          "system": "XADC_system"
        }
      ],
      "platformPath": "C:\\Users\\Daniel.Kampert\\Desktop\\Git\\Zybo\\Source\\XADC\\software\\Wrapper\\export\\Wrapper"
    }
  ],
  "others": []
}